{
  "cv_results": {
    "SVM (54 Soru)": {
      "accuracy": [
        1.0,
        1.0,
        1.0,
        0.9629629629629629,
        0.9629629629629629
      ],
      "precision": [
        1.0,
        1.0,
        1.0,
        1.0,
        1.0
      ],
      "recall": [
        1.0,
        1.0,
        1.0,
        0.9230769230769231,
        0.9285714285714286
      ],
      "f1": [
        1.0,
        1.0,
        1.0,
        0.96,
        0.9629629629629629
      ],
      "roc_auc": [
        1.0,
        1.0,
        1.0,
        0.9615384615384616,
        0.9642857142857143
      ]
    },
    "XGBoost (54 Soru)": {
      "accuracy": [
        0.9642857142857143,
        1.0,
        1.0,
        0.9629629629629629,
        0.9629629629629629
      ],
      "precision": [
        1.0,
        1.0,
        1.0,
        1.0,
        1.0
      ],
      "recall": [
        0.9285714285714286,
        1.0,
        1.0,
        0.9230769230769231,
        0.9285714285714286
      ],
      "f1": [
        0.9629629629629629,
        1.0,
        1.0,
        0.96,
        0.9629629629629629
      ],
      "roc_auc": [
        0.9642857142857143,
        1.0,
        1.0,
        0.9615384615384616,
        0.9642857142857143
      ]
    },
    "Random Forest (54 Soru)": {
      "accuracy": [
        1.0,
        0.9259259259259259,
        1.0,
        0.9629629629629629,
        0.9629629629629629
      ],
      "precision": [
        1.0,
        0.8666666666666667,
        1.0,
        1.0,
        1.0
      ],
      "recall": [
        1.0,
        1.0,
        1.0,
        0.9230769230769231,
        0.9285714285714286
      ],
      "f1": [
        1.0,
        0.9285714285714286,
        1.0,
        0.96,
        0.9629629629629629
      ],
      "roc_auc": [
        1.0,
        0.9285714285714286,
        1.0,
        0.9615384615384616,
        0.9642857142857143
      ]
    },
    "LightGBM (54 Soru)": {
      "accuracy": [
        0.9642857142857143,
        0.9629629629629629,
        1.0,
        0.9629629629629629,
        0.9629629629629629
      ],
      "precision": [
        1.0,
        1.0,
        1.0,
        1.0,
        1.0
      ],
      "recall": [
        0.9285714285714286,
        0.9230769230769231,
        1.0,
        0.9230769230769231,
        0.9285714285714286
      ],
      "f1": [
        0.9629629629629629,
        0.96,
        1.0,
        0.96,
        0.9629629629629629
      ],
      "roc_auc": [
        0.9642857142857143,
        0.9615384615384616,
        1.0,
        0.9615384615384616,
        0.9642857142857143
      ]
    },
    "Voting Ensemble (54 Soru)": {
      "accuracy": [
        1.0,
        1.0,
        1.0,
        0.9629629629629629,
        0.9629629629629629
      ],
      "precision": [
        1.0,
        1.0,
        1.0,
        1.0,
        1.0
      ],
      "recall": [
        1.0,
        1.0,
        1.0,
        0.9230769230769231,
        0.9285714285714286
      ],
      "f1": [
        1.0,
        1.0,
        1.0,
        0.96,
        0.9629629629629629
      ],
      "roc_auc": [
        1.0,
        1.0,
        1.0,
        0.9615384615384616,
        0.9642857142857143
      ]
    },
    "SVM (8 Soru)": {
      "accuracy": [
        1.0,
        0.9259259259259259,
        1.0,
        0.9259259259259259,
        0.9629629629629629
      ],
      "precision": [
        1.0,
        0.8666666666666667,
        1.0,
        1.0,
        1.0
      ],
      "recall": [
        1.0,
        1.0,
        1.0,
        0.8461538461538461,
        0.9285714285714286
      ],
      "f1": [
        1.0,
        0.9285714285714286,
        1.0,
        0.9166666666666666,
        0.9629629629629629
      ],
      "roc_auc": [
        1.0,
        0.9285714285714286,
        1.0,
        0.9230769230769231,
        0.9642857142857143
      ]
    },
    "XGBoost (8 Soru)": {
      "accuracy": [
        1.0,
        1.0,
        1.0,
        0.9259259259259259,
        0.9629629629629629
      ],
      "precision": [
        1.0,
        1.0,
        1.0,
        1.0,
        1.0
      ],
      "recall": [
        1.0,
        1.0,
        1.0,
        0.8461538461538461,
        0.9285714285714286
      ],
      "f1": [
        1.0,
        1.0,
        1.0,
        0.9166666666666666,
        0.9629629629629629
      ],
      "roc_auc": [
        1.0,
        1.0,
        1.0,
        0.9230769230769231,
        0.9642857142857143
      ]
    },
    "Random Forest (8 Soru)": {
      "accuracy": [
        1.0,
        0.9259259259259259,
        1.0,
        0.9259259259259259,
        0.9629629629629629
      ],
      "precision": [
        1.0,
        0.8666666666666667,
        1.0,
        1.0,
        1.0
      ],
      "recall": [
        1.0,
        1.0,
        1.0,
        0.8461538461538461,
        0.9285714285714286
      ],
      "f1": [
        1.0,
        0.9285714285714286,
        1.0,
        0.9166666666666666,
        0.9629629629629629
      ],
      "roc_auc": [
        1.0,
        0.9285714285714286,
        1.0,
        0.9230769230769231,
        0.9642857142857143
      ]
    },
    "LightGBM (8 Soru)": {
      "accuracy": [
        1.0,
        1.0,
        1.0,
        0.9259259259259259,
        0.9629629629629629
      ],
      "precision": [
        1.0,
        1.0,
        1.0,
        1.0,
        1.0
      ],
      "recall": [
        1.0,
        1.0,
        1.0,
        0.8461538461538461,
        0.9285714285714286
      ],
      "f1": [
        1.0,
        1.0,
        1.0,
        0.9166666666666666,
        0.9629629629629629
      ],
      "roc_auc": [
        1.0,
        1.0,
        1.0,
        0.9230769230769231,
        0.9642857142857143
      ]
    },
    "Voting Ensemble (8 Soru)": {
      "accuracy": [
        1.0,
        1.0,
        1.0,
        0.9259259259259259,
        0.9629629629629629
      ],
      "precision": [
        1.0,
        1.0,
        1.0,
        1.0,
        1.0
      ],
      "recall": [
        1.0,
        1.0,
        1.0,
        0.8461538461538461,
        0.9285714285714286
      ],
      "f1": [
        1.0,
        1.0,
        1.0,
        0.9166666666666666,
        0.9629629629629629
      ],
      "roc_auc": [
        1.0,
        1.0,
        1.0,
        0.9230769230769231,
        0.9642857142857143
      ]
    }
  },
  "test_results": {
    "SVM (54 Soru)": {
      "Accuracy": 0.9411764705882353,
      "Precision": 1.0,
      "Recall": 0.8823529411764706,
      "F1-Score": 0.9375,
      "ROC-AUC": 0.972318339100346,
      "True Negatives": 17,
      "False Positives": 0,
      "False Negatives": 2,
      "True Positives": 15,
      "Specificity": 1.0,
      "Sensitivity": 0.8823529411764706
    },
    "XGBoost (54 Soru)": {
      "Accuracy": 0.9117647058823529,
      "Precision": 1.0,
      "Recall": 0.8235294117647058,
      "F1-Score": 0.9032258064516129,
      "ROC-AUC": 0.9705882352941176,
      "True Negatives": 17,
      "False Positives": 0,
      "False Negatives": 3,
      "True Positives": 14,
      "Specificity": 1.0,
      "Sensitivity": 0.8235294117647058
    },
    "Random Forest (54 Soru)": {
      "Accuracy": 0.9411764705882353,
      "Precision": 1.0,
      "Recall": 0.8823529411764706,
      "F1-Score": 0.9375,
      "ROC-AUC": 0.9463667820069205,
      "True Negatives": 17,
      "False Positives": 0,
      "False Negatives": 2,
      "True Positives": 15,
      "Specificity": 1.0,
      "Sensitivity": 0.8823529411764706
    },
    "LightGBM (54 Soru)": {
      "Accuracy": 0.9117647058823529,
      "Precision": 1.0,
      "Recall": 0.8235294117647058,
      "F1-Score": 0.9032258064516129,
      "ROC-AUC": 0.9653979238754326,
      "True Negatives": 17,
      "False Positives": 0,
      "False Negatives": 3,
      "True Positives": 14,
      "Specificity": 1.0,
      "Sensitivity": 0.8235294117647058
    },